action,phase,name,stars,forks,updated,is_fork,reason,settings_url,repo_url
ARCHIVE,1,X-UI,0,0,2024-07-22,True,"fork, stale, 0 engagement",https://github.com/iPmartNetwork/X-UI/settings,https://github.com/iPmartNetwork/X-UI
ARCHIVE,1,optimize,0,1,2024-08-08,False,"stale, no desc",https://github.com/iPmartNetwork/optimize/settings,https://github.com/iPmartNetwork/optimize
ARCHIVE,1,telesun-tel-bot,0,1,2024-11-12,True,"fork, stale, no desc",https://github.com/iPmartNetwork/telesun-tel-bot/settings,https://github.com/iPmartNetwork/telesun-tel-bot
ARCHIVE,1,v2ray-tel-bot,0,0,2024-08-08,True,"fork, stale, 0 engagement",https://github.com/iPmartNetwork/v2ray-tel-bot/settings,https://github.com/iPmartNetwork/v2ray-tel-bot
ARCHIVE,1,v2rayBot,0,1,2024-08-11,False,"stale, no desc",https://github.com/iPmartNetwork/v2rayBot/settings,https://github.com/iPmartNetwork/v2rayBot
ARCHIVE,2,Backhaul_core,0,0,2025-04-29,True,"fork, 0 engagement",https://github.com/iPmartNetwork/Backhaul_core/settings,https://github.com/iPmartNetwork/Backhaul_core
ARCHIVE,2,Backhaul_script,0,0,2025-01-31,True,"fork, 0 engagement",https://github.com/iPmartNetwork/Backhaul_script/settings,https://github.com/iPmartNetwork/Backhaul_script
ARCHIVE,2,Dns,0,0,2025-04-16,False,"0 engagement, no desc",https://github.com/iPmartNetwork/Dns/settings,https://github.com/iPmartNetwork/Dns
ARCHIVE,2,Game-Dns,0,0,2025-04-28,False,"0 engagement, no desc",https://github.com/iPmartNetwork/Game-Dns/settings,https://github.com/iPmartNetwork/Game-Dns
ARCHIVE,2,Panelv2,0,0,2025-05-11,False,"0 engagement, no desc",https://github.com/iPmartNetwork/Panelv2/settings,https://github.com/iPmartNetwork/Panelv2
ARCHIVE,2,UDP2TCP,0,0,2025-05-20,False,"0 engagement, no desc",https://github.com/iPmartNetwork/UDP2TCP/settings,https://github.com/iPmartNetwork/UDP2TCP
ARCHIVE,2,UDPTun,0,0,2025-05-20,False,"0 engagement, no desc",https://github.com/iPmartNetwork/UDPTun/settings,https://github.com/iPmartNetwork/UDPTun
ARCHIVE,2,UDPspeeder,0,0,2025-05-18,False,"0 engagement, no desc",https://github.com/iPmartNetwork/UDPspeeder/settings,https://github.com/iPmartNetwork/UDPspeeder
ARCHIVE,2,dns-gaming-msn,0,0,2025-04-15,True,"fork, 0 engagement, no desc",https://github.com/iPmartNetwork/dns-gaming-msn/settings,https://github.com/iPmartNetwork/dns-gaming-msn
ARCHIVE,2,iCmp,0,0,2025-05-20,False,"0 engagement, no desc",https://github.com/iPmartNetwork/iCmp/settings,https://github.com/iPmartNetwork/iCmp
ARCHIVE,2,iPWG,0,0,2025-05-12,False,"0 engagement, no desc",https://github.com/iPmartNetwork/iPWG/settings,https://github.com/iPmartNetwork/iPWG
ARCHIVE,2,ipv6-proxy,0,0,2025-02-14,True,"fork, 0 engagement, no desc",https://github.com/iPmartNetwork/ipv6-proxy/settings,https://github.com/iPmartNetwork/ipv6-proxy
ARCHIVE,2,pingtunnel,0,0,2025-05-17,False,"0 engagement, no desc",https://github.com/iPmartNetwork/pingtunnel/settings,https://github.com/iPmartNetwork/pingtunnel
ARCHIVE,2,rocket-pro,0,0,2025-02-10,True,"fork, 0 engagement",https://github.com/iPmartNetwork/rocket-pro/settings,https://github.com/iPmartNetwork/rocket-pro
ARCHIVE,2,udp2rawV2,0,0,2025-05-20,False,"0 engagement, no desc",https://github.com/iPmartNetwork/udp2rawV2/settings,https://github.com/iPmartNetwork/udp2rawV2
ARCHIVE,2,BBR,1,0,2024-08-04,False,"stale, no desc",https://github.com/iPmartNetwork/BBR/settings,https://github.com/iPmartNetwork/BBR
ARCHIVE,2,Gost-ip6,1,0,2024-05-25,True,"fork, stale",https://github.com/iPmartNetwork/Gost-ip6/settings,https://github.com/iPmartNetwork/Gost-ip6
ARCHIVE,2,MTProtoProxyInstaller,1,0,2024-04-27,True,"fork, stale",https://github.com/iPmartNetwork/MTProtoProxyInstaller/settings,https://github.com/iPmartNetwork/MTProtoProxyInstaller
ARCHIVE,2,PasswordGeneratorBot,1,0,2024-04-27,True,"fork, stale",https://github.com/iPmartNetwork/PasswordGeneratorBot/settings,https://github.com/iPmartNetwork/PasswordGeneratorBot
ARCHIVE,2,Raccoon,1,0,2024-08-04,True,"fork, stale",https://github.com/iPmartNetwork/Raccoon/settings,https://github.com/iPmartNetwork/Raccoon
ARCHIVE,2,Traffic-1-10,1,1,2024-08-04,True,"fork, stale",https://github.com/iPmartNetwork/Traffic-1-10/settings,https://github.com/iPmartNetwork/Traffic-1-10
ARCHIVE,2,mtproto_proxy,1,0,2024-04-27,True,"fork, stale",https://github.com/iPmartNetwork/mtproto_proxy/settings,https://github.com/iPmartNetwork/mtproto_proxy
ARCHIVE,2,pf-tun,1,0,2024-05-25,True,"fork, stale",https://github.com/iPmartNetwork/pf-tun/settings,https://github.com/iPmartNetwork/pf-tun
ARCHIVE,2,serverless-dns,1,0,2024-04-27,True,"fork, stale",https://github.com/iPmartNetwork/serverless-dns/settings,https://github.com/iPmartNetwork/serverless-dns
ARCHIVE,2,sshbot,1,1,2024-05-25,False,"stale, no desc",https://github.com/iPmartNetwork/sshbot/settings,https://github.com/iPmartNetwork/sshbot
ARCHIVE,2,GOST,2,2,2024-08-07,False,"stale, no desc",https://github.com/iPmartNetwork/GOST/settings,https://github.com/iPmartNetwork/GOST
ARCHIVE,2,IBSng,2,0,2025-04-12,True,fork,https://github.com/iPmartNetwork/IBSng/settings,https://github.com/iPmartNetwork/IBSng
ARCHIVE,2,WS-Tunnel,2,0,2024-08-04,False,"stale, no desc",https://github.com/iPmartNetwork/WS-Tunnel/settings,https://github.com/iPmartNetwork/WS-Tunnel
ARCHIVE,2,WireFRP,2,2,2024-08-04,False,"stale, no desc",https://github.com/iPmartNetwork/WireFRP/settings,https://github.com/iPmartNetwork/WireFRP
ARCHIVE,2,iPForward,2,0,2024-08-04,False,"stale, no desc",https://github.com/iPmartNetwork/iPForward/settings,https://github.com/iPmartNetwork/iPForward
ARCHIVE,2,iPmartTunnel,2,0,2024-08-04,False,"stale, no desc",https://github.com/iPmartNetwork/iPmartTunnel/settings,https://github.com/iPmartNetwork/iPmartTunnel
ARCHIVE,2,3x-ui,3,1,2024-06-06,False,"stale, no desc",https://github.com/iPmartNetwork/3x-ui/settings,https://github.com/iPmartNetwork/3x-ui
ARCHIVE,2,Direct_Chisel,3,0,2024-05-05,True,"fork, stale",https://github.com/iPmartNetwork/Direct_Chisel/settings,https://github.com/iPmartNetwork/Direct_Chisel
ARCHIVE,2,EPF,3,1,2024-05-25,True,"fork, stale",https://github.com/iPmartNetwork/EPF/settings,https://github.com/iPmartNetwork/EPF
ARCHIVE,2,Easy-3XUI,3,0,2024-06-06,False,"stale, no desc",https://github.com/iPmartNetwork/Easy-3XUI/settings,https://github.com/iPmartNetwork/Easy-3XUI
ARCHIVE,2,Libertea,3,0,2024-05-05,True,"fork, stale",https://github.com/iPmartNetwork/Libertea/settings,https://github.com/iPmartNetwork/Libertea
ARCHIVE,2,OVPN-Bot,3,0,2024-06-06,False,"stale, no desc",https://github.com/iPmartNetwork/OVPN-Bot/settings,https://github.com/iPmartNetwork/OVPN-Bot
ARCHIVE,2,OpenVPN-AS-Unlimited,3,0,2024-05-17,True,"fork, stale",https://github.com/iPmartNetwork/OpenVPN-AS-Unlimited/settings,https://github.com/iPmartNetwork/OpenVPN-AS-Unlimited
ARCHIVE,2,PrivateIP_TCP-UDP_Tunnel,3,0,2024-05-05,True,"fork, stale",https://github.com/iPmartNetwork/PrivateIP_TCP-UDP_Tunnel/settings,https://github.com/iPmartNetwork/PrivateIP_TCP-UDP_Tunnel
ARCHIVE,2,ProxyPanel,3,0,2024-06-06,False,"stale, no desc",https://github.com/iPmartNetwork/ProxyPanel/settings,https://github.com/iPmartNetwork/ProxyPanel
ARCHIVE,2,RTT-Tunnel-Helper,3,0,2024-05-05,True,"fork, stale",https://github.com/iPmartNetwork/RTT-Tunnel-Helper/settings,https://github.com/iPmartNetwork/RTT-Tunnel-Helper
ARCHIVE,2,Rathole_reverseTunnel,3,0,2024-05-05,True,"fork, stale",https://github.com/iPmartNetwork/Rathole_reverseTunnel/settings,https://github.com/iPmartNetwork/Rathole_reverseTunnel
ARCHIVE,2,Reality-SNI-finder,3,0,2024-05-05,True,"fork, stale",https://github.com/iPmartNetwork/Reality-SNI-finder/settings,https://github.com/iPmartNetwork/Reality-SNI-finder
ARCHIVE,2,SubDomainFinder,3,0,2024-06-06,False,"stale, no desc",https://github.com/iPmartNetwork/SubDomainFinder/settings,https://github.com/iPmartNetwork/SubDomainFinder
ARCHIVE,2,WireGuard-Dashboard,3,0,2024-06-06,True,"fork, stale",https://github.com/iPmartNetwork/WireGuard-Dashboard/settings,https://github.com/iPmartNetwork/WireGuard-Dashboard
ARCHIVE,2,Wireguard,3,1,2024-05-05,True,"fork, stale",https://github.com/iPmartNetwork/Wireguard/settings,https://github.com/iPmartNetwork/Wireguard
ARCHIVE,2,hiddify-config,3,0,2024-05-05,True,"fork, stale",https://github.com/iPmartNetwork/hiddify-config/settings,https://github.com/iPmartNetwork/hiddify-config
ARCHIVE,2,insta,3,0,2024-06-06,False,"stale, no desc",https://github.com/iPmartNetwork/insta/settings,https://github.com/iPmartNetwork/insta
ARCHIVE,2,multi-v2ray,3,0,2024-06-06,False,"stale, no desc",https://github.com/iPmartNetwork/multi-v2ray/settings,https://github.com/iPmartNetwork/multi-v2ray
ARCHIVE,2,oneinstall-wireguard-panel,3,0,2024-05-05,True,"fork, stale",https://github.com/iPmartNetwork/oneinstall-wireguard-panel/settings,https://github.com/iPmartNetwork/oneinstall-wireguard-panel
ARCHIVE,2,outline-installer,3,0,2024-06-06,False,"stale, no desc",https://github.com/iPmartNetwork/outline-installer/settings,https://github.com/iPmartNetwork/outline-installer
ARCHIVE,2,squid-proxy,3,0,2024-06-06,False,"stale, no desc",https://github.com/iPmartNetwork/squid-proxy/settings,https://github.com/iPmartNetwork/squid-proxy
ARCHIVE,2,v2board,3,0,2024-06-06,False,"stale, no desc",https://github.com/iPmartNetwork/v2board/settings,https://github.com/iPmartNetwork/v2board
ARCHIVE,2,wg-easy,3,0,2024-05-05,True,"fork, stale",https://github.com/iPmartNetwork/wg-easy/settings,https://github.com/iPmartNetwork/wg-easy
ARCHIVE,2,wstunnel,3,0,2024-05-05,True,"fork, stale",https://github.com/iPmartNetwork/wstunnel/settings,https://github.com/iPmartNetwork/wstunnel
ARCHIVE,2,6to4,4,0,2024-06-06,False,"stale, no desc",https://github.com/iPmartNetwork/6to4/settings,https://github.com/iPmartNetwork/6to4
ARCHIVE,2,ReverseTlsTunnel,4,0,2024-05-05,True,"fork, stale",https://github.com/iPmartNetwork/ReverseTlsTunnel/settings,https://github.com/iPmartNetwork/ReverseTlsTunnel
ARCHIVE,2,XManagerPlus,4,0,2024-08-04,False,"stale, no desc",https://github.com/iPmartNetwork/XManagerPlus/settings,https://github.com/iPmartNetwork/XManagerPlus
ARCHIVE,2,ipmart-ssh-panel,4,1,2024-06-15,False,"stale, no desc",https://github.com/iPmartNetwork/ipmart-ssh-panel/settings,https://github.com/iPmartNetwork/ipmart-ssh-panel
ARCHIVE,2,openvpn-wireguard-admin,4,0,2024-05-20,True,"fork, stale",https://github.com/iPmartNetwork/openvpn-wireguard-admin/settings,https://github.com/iPmartNetwork/openvpn-wireguard-admin
ARCHIVE,2,setup-ipsec-vpn,4,1,2024-06-06,True,"fork, stale",https://github.com/iPmartNetwork/setup-ipsec-vpn/settings,https://github.com/iPmartNetwork/setup-ipsec-vpn
ARCHIVE,2,x-ui-pro,4,1,2024-06-26,True,"fork, stale",https://github.com/iPmartNetwork/x-ui-pro/settings,https://github.com/iPmartNetwork/x-ui-pro
ARCHIVE,2,zeus.py,4,0,2024-05-05,False,"stale, no desc",https://github.com/iPmartNetwork/zeus.py/settings,https://github.com/iPmartNetwork/zeus.py
REVIEW,3,FreeDom,1,0,2024-05-25,False,stale,https://github.com/iPmartNetwork/FreeDom/settings,https://github.com/iPmartNetwork/FreeDom
REVIEW,3,V6,1,0,2025-04-26,False,no desc,https://github.com/iPmartNetwork/V6/settings,https://github.com/iPmartNetwork/V6
REVIEW,3,vpnbot,1,1,2024-05-25,False,stale,https://github.com/iPmartNetwork/vpnbot/settings,https://github.com/iPmartNetwork/vpnbot
REVIEW,3,wizwizBot,1,0,2024-05-25,False,stale,https://github.com/iPmartNetwork/wizwizBot/settings,https://github.com/iPmartNetwork/wizwizBot
REVIEW,3,6to4-IPv6,2,0,2024-05-25,False,stale,https://github.com/iPmartNetwork/6to4-IPv6/settings,https://github.com/iPmartNetwork/6to4-IPv6
REVIEW,3,iPmart-ssh-tunnel,2,1,2024-06-06,False,stale,https://github.com/iPmartNetwork/iPmart-ssh-tunnel/settings,https://github.com/iPmartNetwork/iPmart-ssh-tunnel
REVIEW,3,install-chr-linode,2,0,2024-05-25,False,stale,https://github.com/iPmartNetwork/install-chr-linode/settings,https://github.com/iPmartNetwork/install-chr-linode
REVIEW,3,ipmart-ipv6,2,0,2024-05-25,False,stale,https://github.com/iPmartNetwork/ipmart-ipv6/settings,https://github.com/iPmartNetwork/ipmart-ipv6
REVIEW,3,RTT,3,1,2024-05-25,False,stale,https://github.com/iPmartNetwork/RTT/settings,https://github.com/iPmartNetwork/RTT
REVIEW,3,XMPlusLearn,3,0,2024-06-06,False,stale,https://github.com/iPmartNetwork/XMPlusLearn/settings,https://github.com/iPmartNetwork/XMPlusLearn
REVIEW,3,docker-autoinstaller,3,1,2024-06-06,False,stale,https://github.com/iPmartNetwork/docker-autoinstaller/settings,https://github.com/iPmartNetwork/docker-autoinstaller
REVIEW,3,ocserv-server-with-bot,3,1,2024-06-06,False,stale,https://github.com/iPmartNetwork/ocserv-server-with-bot/settings,https://github.com/iPmartNetwork/ocserv-server-with-bot
REVIEW,3,Softether-easyinstaller,4,1,2024-06-06,False,stale,https://github.com/iPmartNetwork/Softether-easyinstaller/settings,https://github.com/iPmartNetwork/Softether-easyinstaller
REVIEW,3,WGDashboard,4,2,2025-05-17,False,no desc,https://github.com/iPmartNetwork/WGDashboard/settings,https://github.com/iPmartNetwork/WGDashboard
REVIEW,3,v2ray,4,1,2024-07-07,False,stale,https://github.com/iPmartNetwork/v2ray/settings,https://github.com/iPmartNetwork/v2ray
KEEP,,Backhaul,0,0,2026-02-04,False,"flagship, stars, or recent",https://github.com/iPmartNetwork/Backhaul/settings,https://github.com/iPmartNetwork/Backhaul
KEEP,,BirdX.Chat,0,0,2026-06-09,False,"flagship, stars, or recent",https://github.com/iPmartNetwork/BirdX.Chat/settings,https://github.com/iPmartNetwork/BirdX.Chat
KEEP,,Easy-WGDashboard,0,1,2026-04-29,False,"flagship, stars, or recent",https://github.com/iPmartNetwork/Easy-WGDashboard/settings,https://github.com/iPmartNetwork/Easy-WGDashboard
KEEP,,Gheychee,0,0,2026-04-17,True,"flagship, stars, or recent",https://github.com/iPmartNetwork/Gheychee/settings,https://github.com/iPmartNetwork/Gheychee
KEEP,,Gost-Backhaul,0,0,2026-02-14,False,"flagship, stars, or recent",https://github.com/iPmartNetwork/Gost-Backhaul/settings,https://github.com/iPmartNetwork/Gost-Backhaul
KEEP,,N-Waterwall,0,0,2025-08-01,False,"flagship, stars, or recent",https://github.com/iPmartNetwork/N-Waterwall/settings,https://github.com/iPmartNetwork/N-Waterwall
KEEP,,Songbird,0,0,2026-05-26,True,"flagship, stars, or recent",https://github.com/iPmartNetwork/Songbird/settings,https://github.com/iPmartNetwork/Songbird
KEEP,,VWN-Xray-Management-Panel,0,0,2026-05-09,True,"flagship, stars, or recent",https://github.com/iPmartNetwork/VWN-Xray-Management-Panel/settings,https://github.com/iPmartNetwork/VWN-Xray-Management-Panel
KEEP,,Veltrix,0,0,2026-05-27,False,"flagship, stars, or recent",https://github.com/iPmartNetwork/Veltrix/settings,https://github.com/iPmartNetwork/Veltrix
KEEP,,WGDashboard2,0,1,2025-09-16,True,"flagship, stars, or recent",https://github.com/iPmartNetwork/WGDashboard2/settings,https://github.com/iPmartNetwork/WGDashboard2
KEEP,,dnstm-panel,0,0,2026-04-02,False,"flagship, stars, or recent",https://github.com/iPmartNetwork/dnstm-panel/settings,https://github.com/iPmartNetwork/dnstm-panel
KEEP,,dnstm_advanced,0,0,2026-04-02,False,"flagship, stars, or recent",https://github.com/iPmartNetwork/dnstm_advanced/settings,https://github.com/iPmartNetwork/dnstm_advanced
KEEP,,gitea-mirror,0,0,2026-04-05,True,"flagship, stars, or recent",https://github.com/iPmartNetwork/gitea-mirror/settings,https://github.com/iPmartNetwork/gitea-mirror
KEEP,,iPBotS,0,0,2026-06-01,False,"flagship, stars, or recent",https://github.com/iPmartNetwork/iPBotS/settings,https://github.com/iPmartNetwork/iPBotS
KEEP,,iPShadowT,0,0,2026-06-05,False,"flagship, stars, or recent",https://github.com/iPmartNetwork/iPShadowT/settings,https://github.com/iPmartNetwork/iPShadowT
KEEP,,iPWGBackup,0,0,2025-12-14,False,"flagship, stars, or recent",https://github.com/iPmartNetwork/iPWGBackup/settings,https://github.com/iPmartNetwork/iPWGBackup
KEEP,,iPWGBackup-v2,0,0,2025-12-24,False,"flagship, stars, or recent",https://github.com/iPmartNetwork/iPWGBackup-v2/settings,https://github.com/iPmartNetwork/iPWGBackup-v2
KEEP,,iPWGBackup-v3,0,0,2025-12-24,False,"flagship, stars, or recent",https://github.com/iPmartNetwork/iPWGBackup-v3/settings,https://github.com/iPmartNetwork/iPWGBackup-v3
KEEP,,iPmart-UploadCenter,0,0,2026-04-12,False,"flagship, stars, or recent",https://github.com/iPmartNetwork/iPmart-UploadCenter/settings,https://github.com/iPmartNetwork/iPmart-UploadCenter
KEEP,,iPmart-ai-panel,0,0,2026-04-14,False,"flagship, stars, or recent",https://github.com/iPmartNetwork/iPmart-ai-panel/settings,https://github.com/iPmartNetwork/iPmart-ai-panel
KEEP,,iPmartGit,0,0,2026-05-23,False,"flagship, stars, or recent",https://github.com/iPmartNetwork/iPmartGit/settings,https://github.com/iPmartNetwork/iPmartGit
KEEP,,iPmartnet,0,0,2026-02-04,False,"flagship, stars, or recent",https://github.com/iPmartNetwork/iPmartnet/settings,https://github.com/iPmartNetwork/iPmartnet
KEEP,,nginx-proxy-manager,0,0,2026-05-15,True,"flagship, stars, or recent",https://github.com/iPmartNetwork/nginx-proxy-manager/settings,https://github.com/iPmartNetwork/nginx-proxy-manager
KEEP,,telegram,0,0,2026-04-11,True,"flagship, stars, or recent",https://github.com/iPmartNetwork/telegram/settings,https://github.com/iPmartNetwork/telegram
KEEP,,worker-tunnel,0,0,2026-04-10,True,"flagship, stars, or recent",https://github.com/iPmartNetwork/worker-tunnel/settings,https://github.com/iPmartNetwork/worker-tunnel
KEEP,,BirdX,1,0,2026-05-28,False,"flagship, stars, or recent",https://github.com/iPmartNetwork/BirdX/settings,https://github.com/iPmartNetwork/BirdX
KEEP,,FRP-Tunnel,1,0,2025-09-05,False,"flagship, stars, or recent",https://github.com/iPmartNetwork/FRP-Tunnel/settings,https://github.com/iPmartNetwork/FRP-Tunnel
KEEP,,Network,1,0,2026-02-12,False,"flagship, stars, or recent",https://github.com/iPmartNetwork/Network/settings,https://github.com/iPmartNetwork/Network
KEEP,,TunnelMaster,1,0,2026-06-17,False,"flagship, stars, or recent",https://github.com/iPmartNetwork/TunnelMaster/settings,https://github.com/iPmartNetwork/TunnelMaster
KEEP,,UDP2RAW,1,0,2025-06-28,True,"flagship, stars, or recent",https://github.com/iPmartNetwork/UDP2RAW/settings,https://github.com/iPmartNetwork/UDP2RAW
KEEP,,iPWGDashboard,1,4,2026-04-29,False,"flagship, stars, or recent",https://github.com/iPmartNetwork/iPWGDashboard/settings,https://github.com/iPmartNetwork/iPWGDashboard
KEEP,,iPmart-WGDasboard,1,0,2025-07-18,False,"flagship, stars, or recent",https://github.com/iPmartNetwork/iPmart-WGDasboard/settings,https://github.com/iPmartNetwork/iPmart-WGDasboard
KEEP,,passwall2,1,0,2026-05-28,False,"flagship, stars, or recent",https://github.com/iPmartNetwork/passwall2/settings,https://github.com/iPmartNetwork/passwall2
KEEP,,wire-wstunnel,1,0,2025-08-04,False,"flagship, stars, or recent",https://github.com/iPmartNetwork/wire-wstunnel/settings,https://github.com/iPmartNetwork/wire-wstunnel
KEEP,,wireguard_webadmin,1,0,2026-04-19,True,"flagship, stars, or recent",https://github.com/iPmartNetwork/wireguard_webadmin/settings,https://github.com/iPmartNetwork/wireguard_webadmin
KEEP,,Mtu-Change,2,1,2025-07-19,False,"flagship, stars, or recent",https://github.com/iPmartNetwork/Mtu-Change/settings,https://github.com/iPmartNetwork/Mtu-Change
KEEP,,PPTP-L2TP-IPSec-VPN-auto-install-CentOS-7,2,3,2026-04-29,False,"flagship, stars, or recent",https://github.com/iPmartNetwork/PPTP-L2TP-IPSec-VPN-auto-install-CentOS-7/settings,https://github.com/iPmartNetwork/PPTP-L2TP-IPSec-VPN-auto-install-CentOS-7
KEEP,,RatholePro,2,0,2026-06-13,False,"flagship, stars, or recent",https://github.com/iPmartNetwork/RatholePro/settings,https://github.com/iPmartNetwork/RatholePro
KEEP,,VortexUI,2,1,2026-06-17,False,"flagship, stars, or recent",https://github.com/iPmartNetwork/VortexUI/settings,https://github.com/iPmartNetwork/VortexUI
KEEP,,alireza-x-ui,2,0,2025-11-12,True,"flagship, stars, or recent",https://github.com/iPmartNetwork/alireza-x-ui/settings,https://github.com/iPmartNetwork/alireza-x-ui
KEEP,,wgpanelbot,2,1,2026-06-01,False,"flagship, stars, or recent",https://github.com/iPmartNetwork/wgpanelbot/settings,https://github.com/iPmartNetwork/wgpanelbot
KEEP,,Astro,3,0,2025-11-03,True,"flagship, stars, or recent",https://github.com/iPmartNetwork/Astro/settings,https://github.com/iPmartNetwork/Astro
KEEP,,haproxy,3,3,2026-04-29,False,"flagship, stars, or recent",https://github.com/iPmartNetwork/haproxy/settings,https://github.com/iPmartNetwork/haproxy
KEEP,,XMPlus,4,0,2026-04-21,False,"flagship, stars, or recent",https://github.com/iPmartNetwork/XMPlus/settings,https://github.com/iPmartNetwork/XMPlus
KEEP,,IPV6-Local,5,2,2024-08-04,False,"flagship, stars, or recent",https://github.com/iPmartNetwork/IPV6-Local/settings,https://github.com/iPmartNetwork/IPV6-Local
KEEP,,OutlineManager,5,0,2025-01-05,False,"flagship, stars, or recent",https://github.com/iPmartNetwork/OutlineManager/settings,https://github.com/iPmartNetwork/OutlineManager
KEEP,,PortForward,5,1,2024-06-06,False,"flagship, stars, or recent",https://github.com/iPmartNetwork/PortForward/settings,https://github.com/iPmartNetwork/PortForward
KEEP,,fix-abuse,5,4,2025-12-01,False,"flagship, stars, or recent",https://github.com/iPmartNetwork/fix-abuse/settings,https://github.com/iPmartNetwork/fix-abuse
KEEP,,install-mikrotk,5,0,2025-08-11,False,"flagship, stars, or recent",https://github.com/iPmartNetwork/install-mikrotk/settings,https://github.com/iPmartNetwork/install-mikrotk
KEEP,,ipmart-tunnel,5,0,2024-05-25,False,"flagship, stars, or recent",https://github.com/iPmartNetwork/ipmart-tunnel/settings,https://github.com/iPmartNetwork/ipmart-tunnel
KEEP,,easy-xui,6,2,2025-01-03,False,"flagship, stars, or recent",https://github.com/iPmartNetwork/easy-xui/settings,https://github.com/iPmartNetwork/easy-xui
KEEP,,iPmartNetwork,6,0,2026-06-17,False,"flagship, stars, or recent",https://github.com/iPmartNetwork/iPmartNetwork/settings,https://github.com/iPmartNetwork/iPmartNetwork
KEEP,,SSH-Tunnel,7,1,2026-01-29,False,"flagship, stars, or recent",https://github.com/iPmartNetwork/SSH-Tunnel/settings,https://github.com/iPmartNetwork/SSH-Tunnel
KEEP,,SSl-Cert,7,1,2025-04-25,False,"flagship, stars, or recent",https://github.com/iPmartNetwork/SSl-Cert/settings,https://github.com/iPmartNetwork/SSl-Cert
KEEP,,iPmart-ssh,7,2,2026-05-21,False,"flagship, stars, or recent",https://github.com/iPmartNetwork/iPmart-ssh/settings,https://github.com/iPmartNetwork/iPmart-ssh
KEEP,,6to4-Gre6-multi,8,3,2025-08-19,False,"flagship, stars, or recent",https://github.com/iPmartNetwork/6to4-Gre6-multi/settings,https://github.com/iPmartNetwork/6to4-Gre6-multi
KEEP,,Install-MikroTik-CHR,11,1,2026-06-17,False,"flagship, stars, or recent",https://github.com/iPmartNetwork/Install-MikroTik-CHR/settings,https://github.com/iPmartNetwork/Install-MikroTik-CHR
KEEP,,FreedonTunnel,16,1,2024-08-04,False,"flagship, stars, or recent",https://github.com/iPmartNetwork/FreedonTunnel/settings,https://github.com/iPmartNetwork/FreedonTunnel
KEEP,,waterwall,19,10,2026-02-17,False,"flagship, stars, or recent",https://github.com/iPmartNetwork/waterwall/settings,https://github.com/iPmartNetwork/waterwall
KEEP,,6to4-GRE6,21,6,2026-04-29,False,"flagship, stars, or recent",https://github.com/iPmartNetwork/6to4-GRE6/settings,https://github.com/iPmartNetwork/6to4-GRE6
KEEP,,RatholeTunnel,39,10,2026-05-11,False,"flagship, stars, or recent",https://github.com/iPmartNetwork/RatholeTunnel/settings,https://github.com/iPmartNetwork/RatholeTunnel
